first_name,last_name,full_name,nickname,height,weight,reach,stance,wins,losses,draws
Yusup,Saadulaev,Yusup Saadulaev,Maestro,"5' 6""",135 lbs.,--,,16,4,1
Cameron,Saaiman,Cameron Saaiman,MSP,"5' 8""",135 lbs.,"67.0""",Southpaw,9,3,0
Pete,Sabala,Pete Sabala,,--,135 lbs.,--,,3,15,0
Danny,Sabatello,Danny Sabatello,Italian Gangster,"5' 10""",135 lbs.,"71.0""",Orthodox,9,1,0
Pat,Sabatini,Pat Sabatini,,"5' 8""",145 lbs.,"70.0""",Orthodox,20,5,0
Amir,Sadollah,Amir Sadollah,,"5' 10""",170 lbs.,"75.0""",Orthodox,6,5,0
Nazim,Sadykhov,Nazim Sadykhov,Black Wolf,"5' 10""",155 lbs.,"69.0""",Southpaw,11,1,1
Frankie,Saenz,Frankie Saenz,,"5' 6""",135 lbs.,"66.0""",Orthodox,13,7,0
Saparbeg,Safarov,Saparbeg Safarov,,"6' 1""",185 lbs.,"78.0""",Orthodox,9,3,0
Tarec,Saffiedine,Tarec Saffiedine,Sponge,"5' 10""",170 lbs.,"70.0""",Switch,16,7,0
Jason,Saggo,Jason Saggo,,"5' 11""",155 lbs.,"71.0""",Orthodox,12,4,0
Kiru,Sahota,Kiru Sahota,,"5' 10""",125 lbs.,"73.0""",Orthodox,12,3,0
Tatsuya,Saika,Tatsuya Saika,Yanbo,"6' 0""",155 lbs.,"73.0""",Orthodox,11,5,0
Mridul,Saikia,Mridul Saikia,Crusher,"5' 7""",125 lbs.,"68.0""",Orthodox,8,1,0
Kaushik,Saikumar,Kaushik Saikumar,The Pride of Chennai,--,135 lbs.,--,,5,0,0
Benoit,Saint Denis,Benoit Saint Denis,God of War,"5' 11""",155 lbs.,"73.0""",Southpaw,14,3,0
Ovince,Saint Preux,Ovince Saint Preux,,"6' 3""",205 lbs.,"80.0""",Southpaw,27,18,0
Lukasz,Sajewski,Lukasz Sajewski,Wookie,"5' 8""",155 lbs.,"71.0""",Orthodox,13,3,0
Yukio,Sakaguchi,Yukio Sakaguchi,,"5' 9""",185 lbs.,--,Orthodox,6,7,0
Augusto,Sakai,Augusto Sakai,,"6' 3""",265 lbs.,"77.0""",Orthodox,16,5,1
Alessio,Sakara,Alessio Sakara,Legionarius,"6' 0""",185 lbs.,"72.0""",Orthodox,19,11,0
Wataru,Sakata,Wataru Sakata,,"5' 9""",195 lbs.,--,Southpaw,11,14,0
Gokhan,Saki,Gokhan Saki,The Rebel,"6' 0""",205 lbs.,"73.0""",Orthodox,1,2,0
Kazushi,Sakuraba,Kazushi Sakuraba,The Gracie Hunter,"6' 0""",185 lbs.,--,Southpaw,26,17,1
Hayato,Sakurai,Hayato Sakurai,Mach,"5' 7""",168 lbs.,--,Orthodox,38,13,2
Ryuta,Sakurai,Ryuta Sakurai,,"5' 7""",183 lbs.,--,Orthodox,24,24,6
Justin,Salas,Justin Salas,J-Bomb,"5' 8""",155 lbs.,"70.0""",Southpaw,12,7,0
Ivan,Salaverry,Ivan Salaverry,,"6' 0""",185 lbs.,--,Orthodox,14,9,0
Roman,Salazar,Roman Salazar,El Gallito,"5' 7""",135 lbs.,--,Orthodox,10,6,0
Luis,Saldana,Luis Saldana,,"5' 11""",145 lbs.,"73.0""",Orthodox,16,7,1
John,Salgado,John Salgado,Greco,"5' 10""",170 lbs.,--,,4,8,1
Muslim,Salikhov,Muslim Salikhov,King of Kung Fu,"5' 11""",170 lbs.,"70.0""",Orthodox,22,5,0
Gabriel,Salinas-Jones,Gabriel Salinas-Jones,,"6' 1""",245 lbs.,--,,5,2,1
Brandon,Saling,Brandon Saling,White Steel,"5' 10""",170 lbs.,--,,8,6,0
Quillan,Salkilld,Quillan Salkilld,,"6' 0""",155 lbs.,"75.0""",Orthodox,9,1,0
Sean,Salmon,Sean Salmon,,"5' 10""",185 lbs.,--,Southpaw,18,21,0
Boston,Salmon,Boston Salmon,Boom Boom,"5' 9""",135 lbs.,"69.0""",Southpaw,6,3,0
John,Salter,John Salter,,"6' 1""",185 lbs.,"74.0""",Southpaw,14,3,0
Vinicius,Salvador,Vinicius Salvador,,"5' 7""",135 lbs.,"70.0""",Southpaw,14,7,0
Dylan,Salvador,Dylan Salvador,,"5' 9""",155 lbs.,"69.0""",Southpaw,5,2,0
Josh,Samman,Josh Samman,Anqa,"6' 3""",185 lbs.,"79.0""",Orthodox,13,4,0
Johnny,Sampaio,Johnny Sampaio,,"5' 8""",170 lbs.,--,Orthodox,3,1,0
Josh,Sampo,Josh Sampo,The Gremlin,"5' 4""",125 lbs.,"64.0""",Orthodox,11,5,0
Josh,San Diego,Josh San Diego,JSD,"5' 10""",135 lbs.,--,,8,3,0
Samuel,Sanches,Samuel Sanches,The Prodigy,--,155 lbs.,--,,10,1,0
Diego,Sanchez,Diego Sanchez,Nightmare,"5' 10""",170 lbs.,"72.0""",Southpaw,31,13,0
Eddie,Sanchez,Eddie Sanchez,The Manic Hispanic,"6' 2""",230 lbs.,"74.0""",Orthodox,15,8,0
Julian,Sanchez,Julian Sanchez,,"6' 3""",300 lbs.,--,Orthodox,0,1,0
Bobby,Sanchez,Bobby Sanchez,The Kid,"5' 7""",155 lbs.,--,Orthodox,10,35,0
Donald,Sanchez,Donald Sanchez,,"5' 10""",145 lbs.,--,,31,17,0
Joby,Sanchez,Joby Sanchez,,"5' 6""",135 lbs.,"68.0""",Orthodox,11,4,0
Emmanuel,Sanchez,Emmanuel Sanchez,El Matador,"5' 9""",145 lbs.,"71.0""",,15,3,0
Erick,Sanchez,Erick Sanchez,,"5' 10""",145 lbs.,--,,8,3,0
Andrew,Sanchez,Andrew Sanchez,El Dirte,"6' 1""",185 lbs.,"74.0""",Orthodox,13,7,0
Robert,Sanchez,Robert Sanchez,Littlefury,"5' 6""",125 lbs.,"66.0""",Orthodox,8,2,0
Jesse,Sanders,Jesse Sanders,,"6' 0""",170 lbs.,--,Orthodox,23,7,0
Luke,Sanders,Luke Sanders,Cool Hand,"5' 6""",135 lbs.,"67.0""",Southpaw,13,5,0
Jerrod,Sanders,Jerrod Sanders,J-Reazie,"5' 8""",135 lbs.,"72.0""",Orthodox,16,3,0
Cory,Sandhagen,Cory Sandhagen,,"5' 11""",135 lbs.,"70.0""",Switch,18,5,0
Hugo,Sandoval,Hugo Sandoval,,--,135 lbs.,--,,2,3,0
Raul,Sandoval,Raul Sandoval,,--,130 lbs.,--,,3,3,0
Joseph,Sandoval,Joseph Sandoval,,"5' 7""",135 lbs.,--,Southpaw,7,7,0
Hector,Sandoval,Hector Sandoval,Kid Alex,"5' 2""",125 lbs.,"64.0""",Orthodox,14,4,0
Chris,Sanford,Chris Sanford,,"5' 11""",185 lbs.,--,Orthodox,5,1,0
Roldan,Sangcha'an,Roldan Sangcha'an,The Executioner,"5' 4""",125 lbs.,--,Orthodox,4,2,0
Yuhi,Sano,Yuhi Sano,,"5' 11""",243 lbs.,--,Orthodox,0,4,0
Martin,Sano,Martin Sano,Spartan,"5' 11""",170 lbs.,"75.0""",Orthodox,4,3,1
Jonathan,Santa Maria,Jonathan Santa Maria,,"5' 9""",125 lbs.,--,,3,4,0
Duda,Santana,Duda Santana,Cowboyzinha,"5' 7""",145 lbs.,"73.0""",Orthodox,3,1,0
Shaheen,Santana,Shaheen Santana,Shazam,"6' 1""",155 lbs.,"75.0""",Orthodox,6,1,0
Neemias,Santana,Neemias Santana,,--,185 lbs.,--,Orthodox,7,2,1
Sean,Santella,Sean Santella,Shorty Rock,"5' 5""",125 lbs.,--,,17,6,1
Jorge,Santiago,Jorge Santiago,The Sandman,"6' 1""",170 lbs.,"75.0""",Orthodox,25,12,0
Mike,Santiago,Mike Santiago,,"5' 10""",145 lbs.,"69.0""",Orthodox,19,12,0
Will,Santiago,Will Santiago,The Brown Bomber,"5' 7""",185 lbs.,--,Orthodox,9,5,0
Richie,Santiago,Richie Santiago,The Milford Mauler,"5' 7""",135 lbs.,"67.0""",Southpaw,7,2,0
Jose,Santibanez,Jose Santibanez,,--,155 lbs.,--,,10,3,0
Art,Santore,Art Santore,Pachuco,"6' 2""",185 lbs.,--,,18,8,0
Adriano,Santos,Adriano Santos,,--,--,--,,0,1,0
Paulo,Santos,Paulo Santos,,--,--,--,,0,3,0
Evangelista,Santos,Evangelista Santos,Cyborg,"5' 10""",170 lbs.,"76.0""",Orthodox,21,18,0
Luis,Santos,Luis Santos,,"6' 1""",170 lbs.,--,Southpaw,63,10,1
Iliarde,Santos,Iliarde Santos,,"5' 5""",125 lbs.,"67.0""",Orthodox,30,13,1
Leonardo,Santos,Leonardo Santos,,"6' 0""",155 lbs.,"75.0""",Orthodox,18,7,1
Thiago,Santos,Thiago Santos,Marreta,"6' 2""",205 lbs.,"76.0""",Orthodox,22,11,0
Bruno,Santos,Bruno Santos,Carioca,"5' 9""",185 lbs.,--,Orthodox,15,2,0
Andre,Santos,Andre Santos,Chatuba,"6' 0""",170 lbs.,--,,38,10,0
Gleristone,Santos,Gleristone Santos,Toninho Furia,"5' 9""",145 lbs.,--,,33,7,0
Yana,Santos,Yana Santos,,"5' 6""",135 lbs.,"68.0""",Orthodox,16,8,0
Taila,Santos,Taila Santos,,"5' 6""",125 lbs.,"68.0""",Orthodox,19,3,0
Marilia,Santos,Marilia Santos,Chocolate,"5' 4""",125 lbs.,--,Orthodox,10,3,0
Edivan,Santos,Edivan Santos,Pe De Sapo,"6' 4""",248 lbs.,"78.0""",Orthodox,12,3,1
Daniel,Santos,Daniel Santos,Willycat,"5' 7""",145 lbs.,"67.0""",Orthodox,13,2,0
Gabriel,Santos,Gabriel Santos,Mosquitinho,"5' 9""",145 lbs.,"70.0""",Orthodox,12,2,0
Luana,Santos,Luana Santos,,"5' 6""",135 lbs.,"67.0""",Orthodox,9,2,0
Djorden,Santos,Djorden Santos,Shakur,"6' 0""",185 lbs.,"75.0""",Orthodox,10,2,0
Mairon,Santos,Mairon Santos,The Legend,"5' 7""",155 lbs.,"72.0""",Orthodox,17,1,0
Nick,Sanzo,Nick Sanzo,,"5' 9""",190 lbs.,--,,1,1,0
Bob,Sapp,Bob Sapp,The Beast,"6' 5""",350 lbs.,--,Orthodox,11,20,0
Daniel,Sarafian,Daniel Sarafian,,"5' 9""",185 lbs.,"73.0""",Orthodox,10,6,0
Jeka,Saragih,Jeka Saragih,,"5' 8""",145 lbs.,"69.0""",Orthodox,14,5,0
Diego,Saraiva,Diego Saraiva,The Octopus,"5' 6""",155 lbs.,--,Orthodox,22,20,1
Harris,Sarmiento,Harris Sarmiento,The Hitman,"5' 9""",155 lbs.,--,Orthodox,36,26,0
Alexander,Sarnavskiy,Alexander Sarnavskiy,Tiger,"5' 11""",155 lbs.,--,,35,6,0
Yuki,Sasaki,Yuki Sasaki,,"6' 2""",185 lbs.,--,Orthodox,25,22,2
Kyosuke,Sasaki,Kyosuke Sasaki,,"5' 7""",183 lbs.,--,Southpaw,3,7,4
Yuta,Sasaki,Yuta Sasaki,Ulka,"5' 10""",125 lbs.,"71.0""",Southpaw,21,6,2
Paul,Sass,Paul Sass,,"6' 0""",155 lbs.,"73.0""",Orthodox,14,2,0
Keisuke,Sasu,Keisuke Sasu,Sasuke,"5' 5""",145 lbs.,"69.0""",Switch,11,3,1
Masaaki,Satake,Masaaki Satake,,"6' 1""",220 lbs.,--,Orthodox,1,8,1
Takenori,Sato,Takenori Sato,,"5' 10""",170 lbs.,--,Southpaw,19,11,7
Takashi,Sato,Takashi Sato,Ten,"5' 10""",170 lbs.,"73.0""",Southpaw,16,7,0
Shogo,Sato,Shogo Sato,Tora,"5' 5""",170 lbs.,"66.0""",Southpaw,5,1,0
Uran,Satybaldiev,Uran Satybaldiev,Gorilla,"6' 4""",205 lbs.,"79.0""",Orthodox,9,1,0
Jeimeson,Saudino,Jeimeson Saudino,The Minion,"5' 6""",135 lbs.,--,,8,5,0
Tom,Sauer,Tom Sauer,,"6' 1""",263 lbs.,--,,25,12,0
Townsend,Saunders,Townsend Saunders,,"5' 5""",170 lbs.,--,Orthodox,0,2,0
Ben,Saunders,Ben Saunders,Killa B,"6' 2""",170 lbs.,"77.0""",Orthodox,22,13,2
Chad W.,Saunders,Chad W. Saunders,,"5' 10""",170 lbs.,--,Orthodox,7,2,0
Chris,Saunders,Chris Saunders,The So Cal Kid,"5' 8""",155 lbs.,--,,16,8,0
Christien,Savoie,Christien Savoie,The Tiger,"5' 11""",170 lbs.,"72.0""",Orthodox,10,2,1
Lumumba,Sayers,Lumumba Sayers,,"6' 0""",185 lbs.,--,,6,5,0
Matt,Sayles,Matt Sayles,,"5' 7""",155 lbs.,"68.0""",Orthodox,8,4,0
Brandon,Sayles,Brandon Sayles,Man of War,"6' 5""",265 lbs.,--,,5,1,0
Mikheil,Sazhiniani,Mikheil Sazhiniani,Spartan,"6' 0""",205 lbs.,"71.0""",Orthodox,13,3,0
Mark,Scanlon,Mark Scanlon,,"5' 9""",170 lbs.,--,Orthodox,9,2,0
Eric,Schafer,Eric Schafer,Red,"6' 3""",185 lbs.,"76.0""",Orthodox,14,8,2
Kerry,Schall,Kerry Schall,Meat Truck,"6' 2""",265 lbs.,--,Orthodox,24,13,0
Eric,Schambari,Eric Schambari,,"5' 11""",185 lbs.,--,Orthodox,15,6,0
Brendan,Schaub,Brendan Schaub,Big Brown,"6' 4""",245 lbs.,"78.0""",Orthodox,10,5,0
Matheus,Scheffel,Matheus Scheffel,Buffa,"6' 2""",205 lbs.,"75.0""",Orthodox,14,7,0
Antonio,Schembri,Antonio Schembri,Nino,"5' 9""",205 lbs.,--,Orthodox,5,5,0
Fabiano,Scherner,Fabiano Scherner,Pegaleve,"6' 3""",257 lbs.,--,Orthodox,11,10,0
Samy,Schiavo,Samy Schiavo,,"5' 8""",155 lbs.,--,Orthodox,10,6,0
Pat,Schilling,Pat Schilling,Thrilling,"5' 8""",145 lbs.,--,Orthodox,5,2,0
Joe,Schilling,Joe Schilling,,"6' 3""",185 lbs.,--,,2,5,0
Semmy,Schilt,Semmy Schilt,Hightower,"6' 10""",265 lbs.,--,Orthodox,26,14,1
Adam,Schindler,Adam Schindler,,"5' 8""",155 lbs.,--,,10,6,0
Daniel,Schmitt,Daniel Schmitt,,--,185 lbs.,--,,2,3,0
Colleen,Schneider,Colleen Schneider,,--,135 lbs.,--,,11,7,0
Matt,Schnell,Matt Schnell,Danger,"5' 8""",125 lbs.,"70.0""",Orthodox,17,9,0
Alex,Schoenauer,Alex Schoenauer,,"6' 3""",185 lbs.,--,Orthodox,15,10,0
Bailey,Schoenfelder,Bailey Schoenfelder,Berserk,"6' 3""",265 lbs.,"76.0""",Orthodox,5,1,0
Darrill,Schoonover,Darrill Schoonover,The Boss,"6' 2""",220 lbs.,--,Orthodox,14,8,0
Bob,Schrijber,Bob Schrijber,Dirty,"6' 0""",240 lbs.,--,Orthodox,20,17,1
Nate,Schroeder,Nate Schroeder,,"6' 1""",230 lbs.,--,,11,10,0
Lacey,Schuckman,Lacey Schuckman,,"5' 3""",125 lbs.,--,,11,10,0
Mark,Schultz,Mark Schultz,,"5' 9""",200 lbs.,--,Orthodox,1,1,0
Wes,Schultz,Wes Schultz,Party Time,"6' 2""",185 lbs.,"77.0""",Orthodox,6,2,0
Brian,Schwartz,Brian Schwartz,,"6' 3""",170 lbs.,--,Orthodox,1,1,0
Eric,Schwartz,Eric Schwartz,,--,205 lbs.,--,,2,0,0
Justin,Scoggins,Justin Scoggins,,"5' 7""",125 lbs.,"66.0""",Southpaw,11,5,0
Brad,Scott,Brad Scott,Bear,"6' 1""",170 lbs.,"76.0""",Orthodox,11,6,0
Greg,Scott,Greg Scott,,"5' 9""",145 lbs.,--,,3,4,0
Louis Lee,Scott,Louis Lee Scott,Lightning,--,135 lbs.,--,,8,0,0
Zachary,Scroggin,Zachary Scroggin,,"6' 3""",170 lbs.,"74.0""",Orthodox,7,1,0
Mike,Seal,Mike Seal,Crazy Boy,"6' 4""",185 lbs.,--,Orthodox,13,15,1
Demba,Seck,Demba Seck,Black Tiger,--,145 lbs.,--,,10,2,0
Matt,Secor,Matt Secor,,"6' 0""",170 lbs.,--,,8,4,0
Kenneth,Seegrist,Kenneth Seegrist,,"6' 0""",185 lbs.,--,Orthodox,4,7,0
Neil,Seery,Neil Seery,2Tap,"5' 4""",125 lbs.,"64.0""",Orthodox,16,13,0
Rony,Sefo,Rony Sefo,,"5' 9""",225 lbs.,--,Orthodox,0,2,0
Ray,Sefo,Ray Sefo,Sugarfoot,"6' 0""",240 lbs.,--,Orthodox,2,2,0
Brendan,Seguin,Brendan Seguin,,"6' 0""",185 lbs.,--,,23,19,1
Tetsuya,Seki,Tetsuya Seki,,"5' 10""",155 lbs.,--,,14,8,1
Stefan,Sekulic,Stefan Sekulic,,"6' 0""",170 lbs.,"75.0""",Southpaw,12,4,0
Pete,Sell,Pete Sell,Drago,"5' 11""",170 lbs.,"75.0""",Orthodox,10,7,0
Matthew,Semelsberger,Matthew Semelsberger,Semi The Jedi,"6' 1""",170 lbs.,"75.0""",Switch,11,8,0
Andrei,Semenov,Andrei Semenov,,"6' 0""",185 lbs.,--,Orthodox,34,9,2
Mackens,Semerzier,Mackens Semerzier,Da Menace,"5' 9""",145 lbs.,"72.0""",Orthodox,8,4,0
Brandon,Sene,Brandon Sene,,"5' 11""",205 lbs.,--,,2,2,0
YeDam,Seo,YeDam Seo,,"5' 3""",115 lbs.,"63.0""",Orthodox,7,4,0
DongHyun,Seo,DongHyun Seo,Pinnacle,"5' 5""",145 lbs.,"67.0""",Orthodox,7,3,1
Kim In,Seok,Kim In Seok,,"5' 6""",145 lbs.,--,Orthodox,3,6,0
Ray,Seraille,Ray Seraille,,"6' 3""",246 lbs.,--,,8,9,0
Ivan,Serati,Ivan Serati,,"6' 0""",205 lbs.,--,Orthodox,12,4,0
Alex,Serdyukov,Alex Serdyukov,The Russian Crusher,"6' 2""",170 lbs.,"74.0""",Orthodox,8,5,0
Nicholas,Sergiacomi,Nicholas Sergiacomi,,--,170 lbs.,--,,1,1,0
Matt,Serra,Matt Serra,The Terra,"5' 6""",170 lbs.,"68.0""",Orthodox,11,7,0
Nick,Serra,Nick Serra,The Mad Monkey,"5' 9""",170 lbs.,--,Orthodox,7,3,0
Adrian,Serrano,Adrian Serrano,,"5' 8""",170 lbs.,--,,56,29,4
Fredy,Serrano,Fredy Serrano,El Profe,"5' 3""",125 lbs.,"65.0""",Orthodox,3,2,0
Carl,Seumanutafa,Carl Seumanutafa,,"6' 1""",255 lbs.,--,Orthodox,10,8,0
Igor,Severino,Igor Severino,,"5' 7""",125 lbs.,"69.0""",Orthodox,8,1,0
Dan,Severn,Dan Severn,The Beast,"6' 2""",250 lbs.,--,Southpaw,101,19,1
Rosi,Sexton,Rosi Sexton,The Surgeon,"5' 3""",135 lbs.,--,Orthodox,13,5,0
Scott,Shaffer,Scott Shaffer,,"5' 7""",145 lbs.,--,Orthodox,0,1,0
Edmen,Shahbazyan,Edmen Shahbazyan,The Golden Boy,"6' 2""",185 lbs.,"75.0""",Orthodox,15,5,0
Leon,Shahbazyan,Leon Shahbazyan,,"6' 4""",170 lbs.,"74.0""",Orthodox,7,2,0
Don,Shainis,Don Shainis,Shameless,"5' 6""",145 lbs.,"67.0""",Orthodox,12,5,0
Liliya,Shakirova,Liliya Shakirova,,"5' 4""",125 lbs.,"65.0""",Orthodox,8,2,0
Kamal,Shalorus,Kamal Shalorus,Prince of Persia,"5' 8""",155 lbs.,"68.0""",Orthodox,9,5,2
Ken,Shamrock,Ken Shamrock,The World's Most Dangerous Man,"6' 1""",205 lbs.,"72.0""",Orthodox,28,17,2
Frank,Shamrock,Frank Shamrock,,"5' 10""",185 lbs.,--,Orthodox,23,10,2
Shang,Zhifa,Shang Zhifa,Northeast Flying Tiger,"5' 7""",125 lbs.,"63.0""",Orthodox,32,8,0
Sean,Sharaf,Sean Sharaf,The Smoke,"6' 3""",252 lbs.,"77.0""",Orthodox,4,1,0
Priya,Sharma,Priya Sharma,The Catwoman,"5' 1""",115 lbs.,"59.0""",Orthodox,5,2,0
Jason,Sharp,Jason Sharp,,--,205 lbs.,--,,3,3,0
Eric,Shelton,Eric Shelton,Showtime,"5' 6""",125 lbs.,"68.0""",Orthodox,12,6,0
Sean,Sherk,Sean Sherk,The Muscle Shark,"5' 6""",155 lbs.,"67.0""",Orthodox,36,4,1
Chase,Sherman,Chase Sherman,The Vanilla Gorilla,"6' 4""",250 lbs.,"78.0""",Orthodox,16,12,0
Valentina,Shevchenko,Valentina Shevchenko,Bullet,"5' 5""",125 lbs.,"66.0""",Southpaw,25,4,1
Antonina,Shevchenko,Antonina Shevchenko,La Pantera,"5' 8""",125 lbs.,"67.0""",Southpaw,10,4,0
Shi,Ming,Shi Ming,,"5' 2""",115 lbs.,"60.0""",Orthodox,17,5,0
Katsuyori,Shibata,Katsuyori Shibata,,"6' 0""",168 lbs.,--,Orthodox,4,11,1
Jake,Shields,Jake Shields,,"6' 0""",170 lbs.,"72.0""",Orthodox,31,9,1
Henrique,Shiguemoto,Henrique Shiguemoto,,"5' 11""",185 lbs.,"72.0""",Orthodox,13,4,1
Shunichi,Shimizu,Shunichi Shimizu,,"5' 5""",135 lbs.,--,Orthodox,30,18,11
Wade,Shipp,Wade Shipp,The Nightmare,"6' 3""",245 lbs.,--,Orthodox,11,5,0
Raja,Shippen,Raja Shippen,,"5' 6""",145 lbs.,--,,18,11,1
Yuya,Shirai,Yuya Shirai,,"5' 8""",168 lbs.,--,Orthodox,26,14,2
Wes,Shivers,Wes Shivers,,"6' 8""",--,--,,7,1,0
Alexander,Shlemenko,Alexander Shlemenko,Storm,"5' 11""",185 lbs.,--,,56,9,0
Josh,Shockley,Josh Shockley,,"6' 1""",155 lbs.,--,Orthodox,11,4,0
Josh,Shockman,Josh Shockman,The War Hammer,"6' 4""",235 lbs.,--,Southpaw,6,3,0
Akira,Shoji,Akira Shoji,,"5' 8""",195 lbs.,--,Orthodox,14,17,5
Liudvik,Sholinian,Liudvik Sholinian,Palmeyros,"5' 10""",135 lbs.,"71.0""",Orthodox,9,4,1
Jack,Shore,Jack Shore,Tank,"5' 8""",145 lbs.,"71.0""",Orthodox,17,3,0
Landon,Showalter,Landon Showalter,The Show,"6' 0""",185 lbs.,--,,11,19,1
Ivan,Shtyrkov,Ivan Shtyrkov,Ural Hulk,"6' 0""",205 lbs.,"74.0""",Orthodox,15,0,1
Brandon,Shuey,Brandon Shuey,Big Dawg,"5' 7""",155 lbs.,--,Orthodox,7,6,0
Ronal,Siahaan,Ronal Siahaan,Naga Sakti,"5' 7""",125 lbs.,"71.0""",Southpaw,7,1,0
Sam,Sicilia,Sam Sicilia,,"5' 8""",145 lbs.,"67.0""",Orthodox,15,8,0
Kiril,Sidelnikov,Kiril Sidelnikov,,"5' 11""",230 lbs.,--,,11,4,0
Serhiy,Sidey,Serhiy Sidey,,"5' 11""",135 lbs.,"72.0""",Switch,12,2,0
Steven,Siler,Steven Siler,Super,"5' 11""",145 lbs.,"70.0""",Orthodox,29,16,0
Siala,Siliga,Siala Siliga,Mighty Mo,"6' 1""",290 lbs.,--,Orthodox,12,5,0
Xavier,Siller,Xavier Siller,Young Guns,"5' 5""",125 lbs.,--,,5,5,0
Assuerio,Silva,Assuerio Silva,,"5' 10""",241 lbs.,--,Orthodox,16,8,0
Anderson,Silva,Anderson Silva,The Spider,"6' 2""",185 lbs.,"77.0""",Southpaw,34,11,0
Wanderlei,Silva,Wanderlei Silva,The Axe Murderer,"5' 11""",205 lbs.,"74.0""",Orthodox,35,13,1
Thiago,Silva,Thiago Silva,,"6' 2""",205 lbs.,"74.0""",Orthodox,19,6,0
Paulo Cesar,Silva,Paulo Cesar Silva,Giant,"7' 5""",385 lbs.,--,Orthodox,2,6,0
Jean,Silva,Jean Silva,White Bear,"5' 6""",160 lbs.,--,Orthodox,19,12,3
Edson,Silva,Edson Silva,Paredao,--,205 lbs.,--,Orthodox,14,12,0
Sidney,Silva,Sidney Silva,,"6' 3""",170 lbs.,--,Southpaw,8,4,0
Jay,Silva,Jay Silva,,"6' 2""",185 lbs.,--,Southpaw,10,11,1
Antonio,Silva,Antonio Silva,Bigfoot,"6' 4""",264 lbs.,"82.0""",Orthodox,19,12,1
Fabio,Silva,Fabio Silva,,"5' 11""",205 lbs.,--,Orthodox,1,8,0
Erick,Silva,Erick Silva,,"6' 0""",170 lbs.,"74.0""",Orthodox,19,9,0
Leandro,Silva,Leandro Silva,Buscape,"5' 9""",155 lbs.,"72.0""",Orthodox,20,6,1
Claudio,Silva,Claudio Silva,Hannibal,"5' 11""",170 lbs.,"71.0""",Southpaw,14,4,0
Wagner,Silva,Wagner Silva,Wagnao,"6' 0""",170 lbs.,--,Orthodox,6,3,0
Rafael,Silva,Rafael Silva,Morcego,"5' 7""",135 lbs.,--,,28,6,0
Joaquim,Silva,Joaquim Silva,Netto BJJ,"5' 8""",155 lbs.,"69.0""",Southpaw,13,6,0
Felipe,Silva,Felipe Silva,,"6' 0""",155 lbs.,"77.0""",Orthodox,8,2,0
Dayana,Silva,Dayana Silva,,"5' 7""",135 lbs.,--,Orthodox,7,4,0
Bruno,Silva,Bruno Silva,Bulldog,"5' 4""",125 lbs.,"65.0""",Orthodox,14,7,2
Gabriel,Silva,Gabriel Silva,,"5' 6""",135 lbs.,"71.0""",Orthodox,8,2,0
Jacob,Silva,Jacob Silva,Lil Animal,"5' 5""",125 lbs.,"67.0""",Orthodox,6,4,0
Natalia,Silva,Natalia Silva,,"5' 4""",125 lbs.,"65.0""",Southpaw,19,5,1
Jansey,Silva,Jansey Silva,Jones,"6' 2""",185 lbs.,"67.0""",Orthodox,7,2,0
Maria,Silva,Maria Silva,Viuva Negra,"5' 3""",115 lbs.,"64.0""",Orthodox,8,1,0
Karine,Silva,Karine Silva,Killer,"5' 5""",125 lbs.,"67.0""",Orthodox,18,5,0
Erik,Silva,Erik Silva,The King,"5' 9""",145 lbs.,"71.0""",Orthodox,9,3,0
Janaina,Silva,Janaina Silva,Jana-Iron-Hand,"5' 1""",115 lbs.,"60.0""",Orthodox,5,1,0
Jhonata,Silva,Jhonata Silva,,"5' 5""",125 lbs.,"66.0""",Orthodox,8,2,0
Danny,Silva,Danny Silva,El Puma,"5' 11""",145 lbs.,"70.0""",Switch,10,2,0
Frank,Silva,Frank Silva,De Black,--,125 lbs.,--,,7,1,0
Samuel,Silva,Samuel Silva,Caveira,--,155 lbs.,--,,13,4,1
Douglas,Silva de Andrade,Douglas Silva de Andrade,D Silva,"5' 7""",135 lbs.,"68.0""",Orthodox,29,6,0
Leonardo,Silva de Oliveira,Leonardo Silva de Oliveira,Cabecao,"6' 2""",185 lbs.,--,Orthodox,12,4,0
Marcus,Silveira,Marcus Silveira,Conan,"6' 3""",242 lbs.,--,Orthodox,6,4,0
Elias,Silverio,Elias Silverio,Xuxu,"5' 11""",155 lbs.,"73.0""",Orthodox,13,3,0
Sim,Kai Xiong,Sim Kai Xiong,Kobra,"5' 6""",135 lbs.,"67.0""",Orthodox,7,1,0
Jamey,Simmons,Jamey Simmons,The Afro Samurai,"5' 6""",135 lbs.,"70.0""",Orthodox,7,4,0
Ricky,Simon,Ricky Simon,,"5' 6""",135 lbs.,"69.0""",Orthodox,22,6,0
Aaron,Simpson,Aaron Simpson,A-Train,"6' 0""",170 lbs.,"73.0""",Orthodox,12,5,0
Wes,Sims,Wes Sims,The Project,"6' 10""",260 lbs.,--,Orthodox,24,14,1
Marlon,Sims,Marlon Sims,,--,170 lbs.,--,,3,4,0
Tony,Sims,Tony Sims,,"5' 11""",155 lbs.,"70.0""",Southpaw,12,4,0
Everett,Sims,Everett Sims,Sexual Chocolate,"6' 5""",260 lbs.,"77.0""",Southpaw,4,1,0
Lodune,Sincaid,Lodune Sincaid,,"5' 9""",185 lbs.,--,Orthodox,15,9,0
Rob,Sinclair,Rob Sinclair,,"5' 8""",155 lbs.,--,,13,5,0
Rory,Singer,Rory Singer,Outburst,"6' 2""",185 lbs.,"77.0""",Orthodox,11,9,0
Rana Rudra Pratap,Singh,Rana Rudra Pratap Singh,Ashwathama,"5' 10""",135 lbs.,"69.0""",Orthodox,11,2,0
Kiran,Singh,Kiran Singh,Stubborn,"5' 1""",115 lbs.,"65.0""",Orthodox,7,4,0
Elvis,Sinosic,Elvis Sinosic,The King of Rock n' Rumble,"6' 3""",205 lbs.,"77.0""",Orthodox,7,11,2
Mitchell,Sipe,Mitchell Sipe,No Dice,"6' 2""",245 lbs.,--,Orthodox,4,1,0
Gian,Siqueira,Gian Siqueira,Pitbull,"6' 1""",170 lbs.,"74.0""",Orthodox,19,5,0
Jeremia,Siregar,Jeremia Siregar,The Teacher,"5' 2""",125 lbs.,"63.0""",Orthodox,6,3,0
AJ,Siscoe,AJ Siscoe,Let's Go,"5' 7""",135 lbs.,--,,1,2,0
Yokthai,Sithoar,Yokthai Sithoar,,"5' 7""",143 lbs.,--,,0,1,0
Jeri,Sitzes,Jeri Sitzes,,"5' 5""",125 lbs.,--,,3,1,0
Dennis,Siver,Dennis Siver,,"5' 6""",145 lbs.,"70.0""",Orthodox,23,11,0
Chas,Skelly,Chas Skelly,The Scrapper,"5' 11""",145 lbs.,"72.0""",Orthodox,19,3,0
Matt,Skelton,Matt Skelton,,"6' 3""",265 lbs.,--,Orthodox,0,1,0
Zach,Skinner,Zach Skinner,,"5' 6""",145 lbs.,--,Orthodox,10,11,0
Brian,Sleeman,Brian Sleeman,,"5' 8""",185 lbs.,--,,9,9,1
Joe,Slick,Joe Slick,,"6' 0""",199 lbs.,--,Orthodox,16,5,3
Ray,Sloan,Ray Sloan,,"6' 1""",205 lbs.,--,,8,1,0
Kestutis,Smirnovas,Kestutis Smirnovas,,"5' 10""",200 lbs.,--,Orthodox,24,8,2
Maurice,Smith,Maurice Smith,,"6' 2""",221 lbs.,--,Orthodox,12,14,0
Patrick,Smith,Patrick Smith,,"6' 2""",225 lbs.,--,Orthodox,20,17,0
Scott,Smith,Scott Smith,Hands of Steel,"6' 0""",185 lbs.,"70.0""",Orthodox,18,11,0
Eric,Smith,Eric Smith,,--,--,--,Southpaw,1,1,0
Josh,Smith,Josh Smith,,"6' 0""",155 lbs.,--,Orthodox,9,8,0
David,Smith,David Smith,,--,155 lbs.,--,,5,1,0
Adam,Smith,Adam Smith,,--,--,--,,0,3,0
Dillon,Smith,Dillon Smith,,"6' 0""",170 lbs.,--,,0,0,0
Trevor,Smith,Trevor Smith,Hot Sauce,"6' 3""",185 lbs.,"75.0""",Orthodox,15,10,0
Anthony,Smith,Anthony Smith,Lionheart,"6' 4""",205 lbs.,"76.0""",Orthodox,38,22,0
Colton,Smith,Colton Smith,,"6' 0""",155 lbs.,"71.0""",Orthodox,7,4,0
Gilbert,Smith,Gilbert Smith,,"5' 9""",185 lbs.,--,Southpaw,12,6,0
Leslie,Smith,Leslie Smith,The Peacemaker,"5' 9""",135 lbs.,"66.0""",Orthodox,10,7,1
Devonte,Smith,Devonte Smith,King Kage,"5' 9""",155 lbs.,"76.0""",Orthodox,11,4,0
Cole,Smith,Cole Smith,The Cole Train,"5' 11""",135 lbs.,"67.0""",Orthodox,7,2,0
Nate,Smith,Nate Smith,The Savage,"5' 6""",125 lbs.,"69.0""",Switch,6,1,0
Braxton,Smith,Braxton Smith,The Beautiful Monster,"5' 11""",257 lbs.,"72.0""",Orthodox,5,2,0
Elijah,Smith,Elijah Smith,Swift,"5' 9""",135 lbs.,"71.0""",Orthodox,9,1,0
Jacobe,Smith,Jacobe Smith,Cobe,"5' 10""",170 lbs.,"72.0""",Southpaw,11,0,0
Walter,Smith-Cotito,Walter Smith-Cotito,,"5' 8""",135 lbs.,--,,4,5,0
Justin,Smitley,Justin Smitley,,--,145 lbs.,--,,10,7,1
Dmitrii,Smoliakov,Dmitrii Smoliakov,The Lifeguard,"6' 2""",253 lbs.,"74.0""",Switch,9,3,0
Louis,Smolka,Louis Smolka,Da Last Samurai,"5' 9""",135 lbs.,"68.0""",Orthodox,17,9,0
Cameron,Smotherman,Cameron Smotherman,The Baby-Faced Killa,"5' 9""",135 lbs.,"69.0""",Orthodox,12,6,0
Shimon,Smotritsky,Shimon Smotritsky,The Assassin,"6' 2""",170 lbs.,"74.0""",Orthodox,8,2,0
Richie,Smullen,Richie Smullen,,"5' 9""",155 lbs.,"68.0""",Orthodox,3,1,1
Devin,Smyth,Devin Smyth,,"5' 10""",170 lbs.,"72.0""",Switch,4,2,0
Denis,Sobolev,Denis Sobolev,,"6' 3""",216 lbs.,--,Orthodox,4,7,0
Peter,Sobotta,Peter Sobotta,,"6' 0""",170 lbs.,"75.0""",Southpaw,17,7,1
Renato,Sobral,Renato Sobral,Babalu,"6' 1""",205 lbs.,"75.0""",Orthodox,37,11,0
Rameau Thierry,Sokoudjou,Rameau Thierry Sokoudjou,The African Assassin,"5' 10""",205 lbs.,"78.0""",Orthodox,18,18,0
Alexander,Soldatkin,Alexander Soldatkin,,"6' 2""",250 lbs.,"75.0""",Orthodox,14,4,0
Joe,Solecki,Joe Solecki,,"5' 9""",155 lbs.,"70.0""",Orthodox,13,6,0
Chris,Solomon,Chris Solomon,,"5' 11""",155 lbs.,--,,0,0,0
Joe,Son,Joe Son,,"5' 4""",236 lbs.,--,Orthodox,0,4,0
Paul,Song,Paul Song,,--,185 lbs.,--,,2,2,0
Song,Kenan,Song Kenan,The Assassin,"6' 0""",170 lbs.,"71.0""",Orthodox,22,9,0
Song,Yadong,Song Yadong,Kung Fu Kid,"5' 8""",135 lbs.,"67.0""",Orthodox,22,8,1
YoungJae,Song,YoungJae Song,Super Rookie,"5' 7""",145 lbs.,"70.0""",Orthodox,6,1,1
Hyeonjong,Song,Hyeonjong Song,,--,135 lbs.,--,,8,1,0
Emrah,Sonmez,Emrah Sonmez,Anatolian Wolf,"5' 10""",145 lbs.,"71.0""",Orthodox,14,5,0
Chael,Sonnen,Chael Sonnen,,"6' 1""",205 lbs.,"73.0""",Southpaw,29,15,1
Cody,Sons,Cody Sons,,"5' 9""",205 lbs.,--,,3,7,0
Jin,Soo Son,Jin Soo Son,,"5' 6""",135 lbs.,"69.0""",Orthodox,9,4,0
Benardo,Sopaj,Benardo Sopaj,Lion King,"5' 6""",135 lbs.,"66.0""",Orthodox,12,3,0
Emiliano,Sordi,Emiliano Sordi,He-Man,"6' 2""",205 lbs.,--,Orthodox,16,7,0
Sean,Soriano,Sean Soriano,,"5' 9""",145 lbs.,"70.0""",Orthodox,14,8,0
Punahele,Soriano,Punahele Soriano,Puna,"5' 11""",170 lbs.,"72.0""",Southpaw,11,4,0
Hecher,Sosa,Hecher Sosa,Guanche Warrior,--,135 lbs.,--,,13,1,0
Dmitry,Sosnovskiy,Dmitry Sosnovskiy,Wicked Machine,"6' 3""",240 lbs.,"77.0""",Orthodox,11,0,0
Ben,Sosoli,Ben Sosoli,Combat Wombat,"6' 0""",265 lbs.,"72.0""",Southpaw,7,3,0
Krzysztof,Soszynski,Krzysztof Soszynski,The Polish Experiment,"6' 1""",205 lbs.,"77.0""",Open Stance,26,12,1
George,Sotiropoulos,George Sotiropoulos,,"5' 10""",155 lbs.,"71.0""",Orthodox,14,7,0
Greg,Soto,Greg Soto,,"5' 11""",170 lbs.,"73.0""",Orthodox,9,4,0
Alex,Soto,Alex Soto,Extremo,"5' 8""",135 lbs.,--,Southpaw,8,3,1
Joe,Soto,Joe Soto,One Bad Mofo,"5' 6""",135 lbs.,"65.0""",Orthodox,18,7,0
Mario,Soto,Mario Soto,Dr. Mario,"6' 0""",145 lbs.,--,,7,2,0
Andre,Soukhamthath,Andre Soukhamthath,The Asian Sensation,"5' 9""",135 lbs.,"70.0""",Orthodox,13,8,0
Mario,Sousa,Mario Sousa,Coracao Valente,"6' 3""",185 lbs.,"79.0""",Orthodox,15,3,0
Manoel,Sousa,Manoel Sousa,Manumito,--,155 lbs.,--,,12,1,0
Bobby,Southworth,Bobby Southworth,,"6' 2""",205 lbs.,--,Orthodox,10,6,0
Jacare,Souza,Jacare Souza,,"6' 1""",185 lbs.,"72.0""",Orthodox,26,10,0
Edimilson,Souza,Edimilson Souza,Kevin,"6' 0""",145 lbs.,"74.0""",Orthodox,15,5,0
Livinha,Souza,Livinha Souza,The Brazilian Gangsta,"5' 3""",115 lbs.,"63.0""",Orthodox,14,4,0
Bruno,Souza,Bruno Souza,The Tiger,"5' 10""",145 lbs.,"70.0""",Orthodox,10,3,0
Ketlen,Souza,Ketlen Souza,Esquentadinha,"5' 3""",115 lbs.,"63.0""",Orthodox,15,6,0
Heraldo,Souza,Heraldo Souza,Savage,"5' 11""",185 lbs.,"73.0""",Orthodox,9,2,1
Charon,Spain,Charon Spain,,"5' 9""",155 lbs.,--,,14,26,0
Chris,Spang,Chris Spang,The Kiss,"6' 2""",170 lbs.,--,Orthodox,6,3,0
Andreas,Spang,Andreas Spang,Sweet Swede,"6' 1""",185 lbs.,--,,9,3,0
Ryan,Spann,Ryan Spann,Superman,"6' 5""",205 lbs.,"79.0""",Orthodox,23,11,0
Ron,Sparks,Ron Sparks,The Monster,"6' 5""",265 lbs.,--,,8,3,0
Tommy,Speer,Tommy Speer,,"5' 10""",170 lbs.,"71.0""",Orthodox,21,7,0
Patrick,Speight,Patrick Speight,,"6' 1""",170 lbs.,--,Orthodox,7,3,0
Sean,Spencer,Sean Spencer,Black Magic,"5' 10""",170 lbs.,"74.0""",Orthodox,12,6,0
Felicia,Spencer,Felicia Spencer,FeeNom,"5' 6""",145 lbs.,"68.0""",Orthodox,9,3,0
Sam,Spengler,Sam Spengler,The Ram,"5' 11""",185 lbs.,--,Orthodox,9,5,0
Nick,Sperling,Nick Sperling,,--,135 lbs.,--,,3,4,0
Mario,Sperry,Mario Sperry,Zen Machine,"6' 2""",205 lbs.,--,Orthodox,13,4,0
Eric,Spicely,Eric Spicely,Zebrinha,"6' 1""",185 lbs.,"73.0""",Orthodox,12,6,0
Waachiim,Spiritwolf,Waachiim Spiritwolf,Native Warrior,"5' 8""",170 lbs.,--,,12,13,1
Daniel,Spitz,Daniel Spitz,,"6' 7""",245 lbs.,"82.0""",Orthodox,6,3,0
Serghei,Spivac,Serghei Spivac,Polar Bear,"6' 3""",260 lbs.,"78.0""",Orthodox,17,6,0
Daniel,Spohn,Daniel Spohn,Dragon,"6' 4""",205 lbs.,"79.0""",Southpaw,15,6,0
Pete,Spratt,Pete Spratt,The Secret Weapon,"5' 9""",170 lbs.,--,Orthodox,25,23,0
Austin,Springer,Austin Springer,,"5' 8""",145 lbs.,"71.0""",Orthodox,12,4,0
Georges,St-Pierre,Georges St-Pierre,Rush,"5' 11""",185 lbs.,"76.0""",Orthodox,26,2,0
Bobby,Stack,Bobby Stack,,"5' 9""",155 lbs.,--,Orthodox,8,3,0
Andreas,Stahl,Andreas Stahl,Real Steel,"5' 11""",170 lbs.,--,Orthodox,10,4,0
Ron,Stallings,Ron Stallings,The Choir Boy,"6' 2""",170 lbs.,"75.0""",Southpaw,14,8,0
Cody,Stamann,Cody Stamann,The Spartan,"5' 6""",135 lbs.,"64.0""",Orthodox,21,8,1
Cristina,Stanciu,Cristina Stanciu,Barbie,"5' 3""",115 lbs.,--,Orthodox,5,2,0
Brian,Stann,Brian Stann,All American,"6' 1""",205 lbs.,"74.0""",Orthodox,12,6,0
Josh,Stansbury,Josh Stansbury,The Sandman,"6' 2""",205 lbs.,"74.0""",Orthodox,4,8,0
Dion,Staring,Dion Staring,Soldier,"6' 1""",235 lbs.,--,Orthodox,35,14,0
Lucas,Stark,Lucas Stark,,--,155 lbs.,--,,1,5,0
Clifford,Starks,Clifford Starks,,"6' 0""",185 lbs.,"78.0""",Orthodox,13,3,0
Kalib,Starnes,Kalib Starnes,,"6' 3""",185 lbs.,"74.0""",Orthodox,17,11,1
Laureano,Staropoli,Laureano Staropoli,Pepi,"6' 1""",185 lbs.,"71.0""",Orthodox,9,5,0
Damian,Stasiak,Damian Stasiak,Webster,"5' 5""",135 lbs.,"70.0""",Orthodox,10,6,0
Adam,Steele,Adam Steele,,--,170 lbs.,--,,0,1,0
Dominique,Steele,Dominique Steele,Non-Stop Action-Packed,"5' 10""",170 lbs.,"74.0""",Orthodox,14,9,0
Ricky,Steele,Ricky Steele,The Karate Kid,"5' 9""",135 lbs.,"74.0""",Orthodox,6,0,0
Kody,Steele,Kody Steele,,"5' 9""",155 lbs.,"71.0""",Orthodox,7,1,0
Eric,Steenberg,Eric Steenberg,,--,155 lbs.,--,,5,1,0
Steve,Steinbeiss,Steve Steinbeiss,The Hooligan,"6' 3""",185 lbs.,"75.0""",Orthodox,9,4,0
Ray,Steinbeiss,Ray Steinbeiss,Ipswitch Cobra,"5' 11""",170 lbs.,--,Orthodox,14,7,0
Dmitri,Stepanov,Dmitri Stepanov,,"6' 3""",217 lbs.,--,Orthodox,0,1,0
Jeremy,Stephens,Jeremy Stephens,Lil' Heathen,"5' 9""",155 lbs.,"71.0""",Orthodox,28,20,0
Aljamain,Sterling,Aljamain Sterling,Funk Master,"5' 7""",145 lbs.,"71.0""",Orthodox,24,5,0
Marc,Stevens,Marc Stevens,,"5' 9""",155 lbs.,--,,21,10,0
Joe,Stevenson,Joe Stevenson,Daddy,"5' 7""",145 lbs.,"70.0""",Orthodox,33,16,0
Maia,Stevenson,Maia Stevenson,,"5' 4""",115 lbs.,"62.0""",Orthodox,6,5,0
Luke,Stewart,Luke Stewart,,"5' 11""",170 lbs.,--,Orthodox,6,3,0
Darren,Stewart,Darren Stewart,The Dentist,"6' 0""",205 lbs.,"74.0""",Orthodox,12,8,0
Kyle,Stewart,Kyle Stewart,Gunz Up,"6' 0""",170 lbs.,"76.0""",Orthodox,11,3,0
Alex,Stiebling,Alex Stiebling,The Brazilian Killa,"6' 2""",205 lbs.,--,Southpaw,19,11,1
Tyler,Stinson,Tyler Stinson,The Evolution,"6' 3""",170 lbs.,--,,30,10,0
Navajo,Stirling,Navajo Stirling,,"6' 4""",205 lbs.,"79.0""",Orthodox,7,0,0
Dan,Stittgen,Dan Stittgen,The Anvil,"6' 1""",170 lbs.,--,Orthodox,12,5,0
Lazar,Stojadinovic,Lazar Stojadinovic,The Bronx Bomber,"5' 7""",145 lbs.,"68.0""",Southpaw,12,5,0
Denis,Stojnic,Denis Stojnic,,"6' 0""",245 lbs.,--,Orthodox,13,3,0
Julija,Stoliarenko,Julija Stoliarenko,,"5' 7""",125 lbs.,"66.0""",Orthodox,11,10,2
Dustin,Stoltzfus,Dustin Stoltzfus,,"6' 0""",185 lbs.,"75.0""",Orthodox,16,7,0
Niklas,Stolze,Niklas Stolze,Green Mask,"6' 1""",155 lbs.,"74.0""",Switch,12,6,0
Ken,Stone,Ken Stone,,"5' 8""",135 lbs.,"71.0""",Southpaw,11,4,0
Ryan,Stonitsch,Ryan Stonitsch,,"5' 9""",170 lbs.,--,Southpaw,8,1,0
George,Stork,George Stork,,"5' 10""",185 lbs.,--,,7,9,0
Rick,Story,Rick Story,The Horror,"5' 9""",170 lbs.,"71.0""",Southpaw,19,9,0
Darko,Stosic,Darko Stosic,,"6' 0""",205 lbs.,"76.0""",Orthodox,13,4,0
Greg,Stott,Greg Stott,Ranger,"5' 7""",220 lbs.,--,Southpaw,0,1,0
Curtis,Stout,Curtis Stout,,"6' 1""",185 lbs.,--,Southpaw,11,12,1
Sam,Stout,Sam Stout,Hands of Stone,"5' 9""",155 lbs.,"70.0""",Orthodox,20,12,1
Tim,Stout,Tim Stout,,"5' 11""",185 lbs.,--,,12,10,0
Jesse,Strader,Jesse Strader,Sui Generis,"5' 7""",135 lbs.,"70.0""",Orthodox,5,3,0
Gennaro,Strangis,Gennaro Strangis,,--,--,--,,0,1,0
Dave,Strasser,Dave Strasser,,"5' 10""",170 lbs.,--,Orthodox,25,8,0
Daniel,Straus,Daniel Straus,,"5' 7""",145 lbs.,"71.0""",,24,7,0
Gerald,Strebendt,Gerald Strebendt,The Finishing Machine,"5' 9""",155 lbs.,--,Orthodox,9,7,0
Sean,Strickland,Sean Strickland,,"6' 1""",185 lbs.,"76.0""",Orthodox,29,7,0
Mark,Striegl,Mark Striegl,Mugen,"5' 8""",145 lbs.,"70.0""",Southpaw,18,4,0
Hans,Stringer,Hans Stringer,,"6' 3""",205 lbs.,--,Orthodox,22,8,3
Stefan,Struve,Stefan Struve,Skyscraper,"6' 11""",265 lbs.,"84.0""",Orthodox,33,13,0
Josh,Stuart,Josh Stuart,,"5' 9""",160 lbs.,--,,1,4,0
Mike,Stumpf,Mike Stumpf,,"5' 10""",170 lbs.,--,,11,4,0
Kyle,Sturgeon,Kyle Sturgeon,,"6' 3""",225 lbs.,--,Switch,0,1,0
Tatiana,Suarez,Tatiana Suarez,,"5' 5""",115 lbs.,"66.0""",Southpaw,11,1,0
Masanori,Suda,Masanori Suda,,"5' 9""",183 lbs.,--,Orthodox,22,11,3
Genki,Sudo,Genki Sudo,Neo-Samurai,"5' 9""",155 lbs.,--,Orthodox,15,4,2
Lucasz,Sudolski,Lucasz Sudolski,,"6' 4""",205 lbs.,"75.0""",Orthodox,8,1,0
Daisuke,Sugie,Daisuke Sugie,Amazon,"5' 6""",160 lbs.,--,Orthodox,10,8,1
Takashi,Sugiura,Takashi Sugiura,,"5' 11""",225 lbs.,--,Southpaw,1,3,0
Naho,Sugiyuma,Naho Sugiyuma,Sugi Rock,"5' 1""",105 lbs.,--,,12,5,0
,Sulangrangbo,Sulangrangbo,,"5' 9""",135 lbs.,"66.0""",Southpaw,9,3,0
George,Sullivan,George Sullivan,The Silencer,"6' 0""",170 lbs.,"73.0""",Orthodox,17,7,0
Amar,Suloev,Amar Suloev,,"5' 9""",183 lbs.,--,Orthodox,24,7,0
Magomed,Sultanakhmedov,Magomed Sultanakhmedov,,"6' 2""",185 lbs.,--,Southpaw,18,6,0
Justin,Sumter,Justin Sumter,,"6' 2""",185 lbs.,"80.0""",Southpaw,7,3,0
,Sumudaerji,Sumudaerji,The Tibetan Eagle,"5' 8""",125 lbs.,"72.0""",Southpaw,17,7,0
Rama,Supandhi,Rama Supandhi,Hellboy,"5' 5""",125 lbs.,"66.0""",Southpaw,8,4,0
Aji,Susilo,Aji Susilo,,"5' 10""",155 lbs.,--,,6,4,0
Baysangur,Susurkaev,Baysangur Susurkaev,,--,185 lbs.,--,,8,0,0
Jason,Suttie,Jason Suttie,Nobunaga,"6' 0""",210 lbs.,--,Orthodox,0,1,0
Joel,Sutton,Joel Sutton,,"5' 11""",205 lbs.,--,Orthodox,2,4,1
Chad,Sutton,Chad Sutton,,"6' 1""",185 lbs.,--,,2,2,0
Danilo,Suzart,Danilo Suzart,,"6' 0""",260 lbs.,--,Orthodox,9,2,0
Martin,Svensson,Martin Svensson,,"6' 1""",155 lbs.,--,,15,6,0
Daniel,Swain,Daniel Swain,,"5' 9""",145 lbs.,"70.0""",Orthodox,20,10,1
Cub,Swanson,Cub Swanson,,"5' 8""",145 lbs.,"70.0""",Orthodox,30,14,0
Mike,Swick,Mike Swick,Quick,"6' 1""",170 lbs.,"77.0""",Orthodox,15,6,0
Floyd,Sword,Floyd Sword,,"6' 0""",185 lbs.,--,Orthodox,12,3,0
Oumar,Sy,Oumar Sy,,"6' 4""",205 lbs.,"83.0""",Orthodox,11,1,0
Klaudia,Sygula,Klaudia Sygula,,"5' 8""",135 lbs.,"69.0""",Orthodox,7,2,0
Bentley,Syler,Bentley Syler,Bolivia,"5' 4""",125 lbs.,--,Orthodox,5,1,0
Kevin,Syler,Kevin Syler,El Nino Bala,"5' 9""",155 lbs.,"71.0""",Switch,10,1,0
Leo,Sylvest,Leo Sylvest,Lethal,"5' 11""",205 lbs.,--,Orthodox,10,16,0
Tony,Sylvester,Tony Sylvester,,"6' 1""",225 lbs.,--,Southpaw,11,3,0
Tim,Sylvia,Tim Sylvia,The Maine-iac,"6' 8""",265 lbs.,"80.0""",Orthodox,31,10,0
Kevin,Szaflarski,Kevin Szaflarski,,"6' 5""",260 lbs.,"77.0""",Orthodox,11,2,0
Sebastian,Szalay,Sebastian Szalay,Seb,"5' 6""",145 lbs.,"66.0""",Orthodox,9,1,0
Bartosz,Szewczyk,Bartosz Szewczyk,,"6' 4""",205 lbs.,"73.0""",Orthodox,8,3,1
Tom,Aaron,Tom Aaron,,--,155 lbs.,--,,5,3,0
Danny,Abbadi,Danny Abbadi,The Assassin,"5' 11""",155 lbs.,--,Orthodox,4,6,0
Nariman,Abbasov,Nariman Abbasov,Bayraktar,"5' 8""",155 lbs.,"66.0""",Orthodox,28,4,0
David,Abbott,David Abbott,Tank,"6' 0""",265 lbs.,--,Switch,10,15,0
Hamdy,Abdelwahab,Hamdy Abdelwahab,The Hammer,"6' 2""",264 lbs.,"72.0""",Southpaw,6,1,0
Mansur,Abdul-Malik,Mansur Abdul-Malik,,"6' 2""",185 lbs.,"80.0""",Orthodox,8,0,1
Shamil,Abdurakhimov,Shamil Abdurakhimov,Abrek,"6' 3""",235 lbs.,"76.0""",Orthodox,20,8,0
Hiroyuki,Abe,Hiroyuki Abe,Abe Ani,"5' 6""",145 lbs.,--,Orthodox,8,15,3
Daichi,Abe,Daichi Abe,,"5' 11""",170 lbs.,"71.0""",Orthodox,6,2,0
Papy,Abedi,Papy Abedi,Makambo,"5' 11""",185 lbs.,--,Southpaw,10,4,0
Ricardo,Abreu,Ricardo Abreu,Demente,"5' 11""",185 lbs.,--,Orthodox,5,1,0
Klidson,Abreu,Klidson Abreu,White Bear,"6' 0""",205 lbs.,"74.0""",Orthodox,15,4,0
Cyborg,Abreu,Cyborg Abreu,,--,--,--,,0,0,0
Daniel,Acacio,Daniel Acacio,,"5' 8""",180 lbs.,--,Orthodox,30,18,0
John,Adajar,John Adajar,The Outlaw,"5' 9""",170 lbs.,"75.0""",Orthodox,6,2,0
Scott,Adams,Scott Adams,,"6' 0""",225 lbs.,--,Southpaw,8,1,0
Juan,Adams,Juan Adams,The Kraken,"6' 5""",265 lbs.,"80.0""",Orthodox,5,3,0
Anthony,Adams,Anthony Adams,Sugafoot,"6' 1""",185 lbs.,"76.0""",Orthodox,8,2,0
Zarrukh,Adashev,Zarrukh Adashev,The Lion,"5' 5""",125 lbs.,"65.0""",Southpaw,4,4,0
Israel,Adesanya,Israel Adesanya,The Last Stylebender,"6' 4""",185 lbs.,"80.0""",Switch,24,5,0
Sam,Adkins,Sam Adkins,The Experience,"6' 3""",225 lbs.,--,Orthodox,7,20,2
Mohamed,Ado,Mohamed Ado,,"5' 11""",170 lbs.,"76.0""",Switch,5,1,0
Nick,Agallar,Nick Agallar,,"5' 8""",155 lbs.,--,Orthodox,24,6,0
Mariya,Agapova,Mariya Agapova,Money Mashka,"5' 6""",125 lbs.,"68.0""",Southpaw,10,5,0
Kantharaj,Agasa,Kantharaj Agasa,Kannadiga,--,135 lbs.,--,,12,3,0
Marcelo,Aguiar,Marcelo Aguiar,,"5' 10""",170 lbs.,--,Orthodox,2,3,1
Fabio,Aguiar,Fabio Aguiar,,"6' 0""",185 lbs.,--,,17,1,0
Edwin,Aguilar,Edwin Aguilar,Tigre,"5' 10""",185 lbs.,--,,26,19,0
Jessica,Aguilar,Jessica Aguilar,Jag,"5' 3""",115 lbs.,"63.0""",Orthodox,20,8,0
Kevin,Aguilar,Kevin Aguilar,Angel of Death,"5' 7""",155 lbs.,"73.0""",Orthodox,17,5,0
Jesus,Aguilar,Jesus Aguilar,,"5' 4""",125 lbs.,"62.0""",Orthodox,11,3,0
Christian,Aguilera,Christian Aguilera,The Beast,"5' 9""",170 lbs.,"72.0""",Switch,14,8,0
Nick,Aguirre,Nick Aguirre,Slick,"5' 9""",135 lbs.,"74.0""",Southpaw,7,2,0
,Agulali,Agulali,,"5' 9""",125 lbs.,"67.0""",Switch,13,1,0
Ahejiang,Ailinuer,Ahejiang Ailinuer,,--,145 lbs.,--,,15,3,0
Mike,Aina,Mike Aina,Iron,"5' 9""",155 lbs.,--,Orthodox,14,6,1
Ashiek,Ajim,Ashiek Ajim,Peak Physique,"5' 8""",135 lbs.,"71.0""",Switch,6,2,0
Hitomi,Akano,Hitomi Akano,Girlfight Monster,"5' 4""",135 lbs.,--,Southpaw,18,10,0
Omari,Akhmedov,Omari Akhmedov,Wolverine,"6' 0""",185 lbs.,"73.0""",Orthodox,21,6,1
Yoshihiro,Akiyama,Yoshihiro Akiyama,,"5' 10""",170 lbs.,"75.0""",Orthodox,14,6,0
Rostem,Akman,Rostem Akman,,"5' 10""",170 lbs.,"72.0""",Switch,6,2,0
Razak,Al-Hassan,Razak Al-Hassan,,"6' 2""",205 lbs.,--,Orthodox,13,5,0
Abdul-Kareem,Al-Selwady,Abdul-Kareem Al-Selwady,Pride of Palestine,"5' 8""",155 lbs.,"69.0""",Orthodox,15,4,0
Mostapha,Al-Turk,Mostapha Al-Turk,,"6' 2""",245 lbs.,"77.0""",Orthodox,6,6,0
Herdem,Alacabek,Herdem Alacabek,,"6' 2""",205 lbs.,"75.0""",Orthodox,5,1,0
Javi,Alanis,Javi Alanis,,"5' 6""",135 lbs.,--,,0,4,0
,Alatengheili,Alatengheili,The Mongolian Knight,"5' 5""",135 lbs.,"66.0""",Orthodox,17,10,2
Amir,Albazi,Amir Albazi,The Prince,"5' 5""",125 lbs.,"68.0""",Orthodox,17,2,0
Brett,Albee,Brett Albee,,--,225 lbs.,--,,3,2,0
John,Albert,John Albert,Prince,"5' 8""",135 lbs.,"68.0""",Orthodox,6,5,0
Junior,Albini,Junior Albini,Baby,"6' 3""",264 lbs.,"74.0""",Orthodox,14,6,0
Wes,Albritton,Wes Albritton,,"5' 10""",188 lbs.,--,Orthodox,0,1,0
Aleksandra,Albu,Aleksandra Albu,Stitch,"5' 2""",115 lbs.,"63.0""",Orthodox,3,2,0
Israel,Albuquerque,Israel Albuquerque,,--,185 lbs.,--,Orthodox,0,3,0
Juan,Alcain,Juan Alcain,,--,--,--,,1,2,0
Iuri,Alcantara,Iuri Alcantara,Marajo,"5' 9""",135 lbs.,"71.0""",Southpaw,35,10,0
Ildemar,Alcantara,Ildemar Alcantara,Marajo,"6' 2""",185 lbs.,"78.0""",Orthodox,21,11,0
Alfonso,Alcarez,Alfonso Alcarez,,"5' 3""",145 lbs.,--,,1,3,1
Gilbert,Aldana,Gilbert Aldana,El Peligro,"6' 1""",250 lbs.,--,Orthodox,6,2,0
Irene,Aldana,Irene Aldana,,"5' 9""",135 lbs.,"68.0""",Orthodox,15,8,0
Hector,Aldana,Hector Aldana,,"5' 11""",170 lbs.,"72.0""",Orthodox,4,3,0
Jose,Alday,Jose Alday,Pochito,"5' 7""",135 lbs.,"68.0""",Orthodox,14,6,1
Jose,Aldo,Jose Aldo,,"5' 7""",135 lbs.,"70.0""",Orthodox,32,10,0
JJ,Aldrich,JJ Aldrich,,"5' 5""",125 lbs.,"67.0""",Southpaw,14,7,0
Irina,Alekseeva,Irina Alekseeva,Russian Ronda,"5' 8""",135 lbs.,"67.0""",Orthodox,5,3,0
Talita,Alencar,Talita Alencar,Problem Child,"5' 1""",115 lbs.,"58.0""",Orthodox,6,1,1
Jim,Alers,Jim Alers,The Beast,"5' 9""",145 lbs.,"71.0""",Orthodox,13,3,0
John,Alessio,John Alessio,The Natural,"5' 10""",155 lbs.,"72.0""",Orthodox,35,17,0
Houston,Alexander,Houston Alexander,The Assassin,"6' 0""",205 lbs.,"72.0""",Orthodox,17,15,1
Kenneth,Alexander,Kenneth Alexander,The Machine,"5' 9""",155 lbs.,--,Orthodox,7,6,0
Lucas,Alexander,Lucas Alexander,The Lion,"5' 11""",145 lbs.,"73.0""",Orthodox,8,5,0
Marcio,Alexandre Junior,Marcio Alexandre Junior,Lyoto,"6' 0""",185 lbs.,"75.0""",Southpaw,17,4,0
Olaf,Alfonso,Olaf Alfonso,,"6' 2""",170 lbs.,--,Orthodox,8,12,0
Pablo,Alfonso,Pablo Alfonso,The Hurricane,"5' 8""",145 lbs.,--,,9,7,0
Levi,Alford,Levi Alford,,--,--,--,,1,7,0
Bill,Algeo,Bill Algeo,Senor Perfecto,"6' 0""",145 lbs.,"73.0""",Switch,18,9,0
Royce,Alger,Royce Alger,,"5' 10""",199 lbs.,--,Orthodox,3,2,0
Amir,Aliakbari,Amir Aliakbari,,"6' 3""",250 lbs.,--,,10,1,0
Sultan,Aliev,Sultan Aliev,,"5' 11""",170 lbs.,"74.0""",Orthodox,15,3,0
Nurullo,Aliev,Nurullo Aliev,Tajik Eagle,"5' 10""",155 lbs.,"72.0""",Orthodox,10,0,0
Ikram,Aliskerov,Ikram Aliskerov,,"6' 0""",185 lbs.,"76.0""",Southpaw,16,2,0
Leon,Aliu,Leon Aliu,The Albanian Lion,"6' 0""",185 lbs.,"74.0""",Orthodox,10,2,0
John,Allan,John Allan,,"6' 1""",205 lbs.,"75.0""",Orthodox,13,7,0
George,Allen,George Allen,,"6' 2""",205 lbs.,--,Open Stance,13,19,2
Arnold,Allen,Arnold Allen,Almighty,"5' 8""",145 lbs.,"70.0""",Southpaw,20,3,0
Brendan,Allen,Brendan Allen,All In,"6' 2""",185 lbs.,"75.0""",Orthodox,25,7,0
Daniel,Allen,Daniel Allen,,"6' 0""",155 lbs.,"75.0""",Southpaw,5,0,0
Ben,Alloway,Ben Alloway,Blanco,"5' 11""",170 lbs.,"76.0""",Orthodox,18,8,0
Asu,Almabayev,Asu Almabayev,Zulfikar,"5' 4""",125 lbs.,"65.0""",Orthodox,22,3,0
Bekzat,Almakhan,Bekzat Almakhan,The Turan Warrior,"5' 7""",135 lbs.,"68.0""",Orthodox,12,2,0
John Dave,Almanza,John Dave Almanza,The Striker,"5' 7""",125 lbs.,"67.0""",Southpaw,6,1,0
Ricardo,Almeida,Ricardo Almeida,Big Dog,"6' 0""",170 lbs.,"74.0""",Orthodox,13,5,0
Magno,Almeida,Magno Almeida,,"6' 0""",155 lbs.,--,,10,3,0
Thomas,Almeida,Thomas Almeida,Thominhas,"5' 7""",145 lbs.,"70.0""",Southpaw,22,5,0
Ericka,Almeida,Ericka Almeida,,"5' 6""",115 lbs.,--,Orthodox,7,3,0
Estefani,Almeida,Estefani Almeida,,"5' 4""",125 lbs.,--,Orthodox,7,3,0
Jailton,Almeida,Jailton Almeida,Malhadinho,"6' 3""",205 lbs.,"79.0""",Orthodox,22,3,0
Lucas,Almeida,Lucas Almeida,,"5' 11""",145 lbs.,"71.0""",Orthodox,15,4,0
Cesar,Almeida,Cesar Almeida,Cesinha,"6' 1""",185 lbs.,"74.0""",Orthodox,7,1,0
Mauricio,Alonso,Mauricio Alonso,,"6' 2""",170 lbs.,--,,13,7,0
Sarah,Alpar,Sarah Alpar,Too Sweet,"5' 4""",135 lbs.,"63.0""",Southpaw,9,6,0
Ali,AlQaisi,Ali AlQaisi,The Royal Fighter,"5' 6""",135 lbs.,"68.0""",Orthodox,8,5,0
Rico,Altamirano,Rico Altamirano,,"5' 10""",170 lbs.,--,,4,3,0
Victor,Altamirano,Victor Altamirano,El Magnifico,"5' 8""",125 lbs.,"70.0""",Switch,12,5,0
Mike,Altman,Mike Altman,,"5' 10""",185 lbs.,--,Orthodox,1,4,0
Patricia,Alujas,Patricia Alujas,The Angel,"5' 4""",115 lbs.,"64.0""",Orthodox,9,3,0
Sean,Alvarez,Sean Alvarez,,"6' 0""",235 lbs.,--,Orthodox,4,3,0
Eddie,Alvarez,Eddie Alvarez,,"5' 9""",155 lbs.,"69.0""",Orthodox,29,6,0
Jaime,Alvarez,Jaime Alvarez,,"5' 8""",125 lbs.,"69.0""",Orthodox,6,1,0
Joel,Alvarez,Joel Alvarez,El Fenomeno,"6' 3""",155 lbs.,"77.0""",Orthodox,22,3,0
Thiago,Alves,Thiago Alves,Pitbull,"5' 9""",170 lbs.,"70.0""",Orthodox,23,15,0
Anthony,Alves,Anthony Alves,,--,--,--,,1,4,0
Amilcar,Alves,Amilcar Alves,,"6' 0""",170 lbs.,--,Southpaw,15,12,0
Warlley,Alves,Warlley Alves,,"5' 11""",185 lbs.,"72.0""",Orthodox,15,8,0
Rafael,Alves,Rafael Alves,The Turn,"5' 8""",155 lbs.,"68.0""",Orthodox,20,12,0
Sam,Alvey,Sam Alvey,Smile'N,"6' 2""",185 lbs.,"75.0""",Southpaw,33,18,1
Mahamed,Aly,Mahamed Aly,,--,205 lbs.,--,,4,0,0
Andre,Amado,Andre Amado,Dida,"6' 0""",154 lbs.,--,Orthodox,6,4,1
Adlan,Amagov,Adlan Amagov,Borz,"6' 2""",170 lbs.,"76.0""",Orthodox,14,2,1
Maiara,Amanajas dos Santos,Maiara Amanajas dos Santos,,"5' 5""",115 lbs.,--,Southpaw,7,3,0
Chris,Amarante,Chris Amarante,,--,185 lbs.,--,,2,0,0
Jimmy,Ambriz,Jimmy Ambriz,The Titan,"6' 2""",315 lbs.,--,Southpaw,17,21,1
JJ,Ambrose,JJ Ambrose,,"5' 10""",170 lbs.,--,Orthodox,28,7,0
Alen,Amedovski,Alen Amedovski,,"5' 10""",185 lbs.,"74.0""",Orthodox,8,4,0
Hyder,Amil,Hyder Amil,The Hurricane,"5' 9""",145 lbs.,"70.0""",Switch,11,1,0
Hamid,Amiri,Hamid Amiri,The Storm,--,145 lbs.,--,,9,0,0
Makwan,Amirkhani,Makwan Amirkhani,Mr. Finland,"5' 10""",145 lbs.,"72.0""",Southpaw,17,9,0
Jaqueline,Amorim,Jaqueline Amorim,,"5' 3""",115 lbs.,"68.0""",Orthodox,10,1,0
Bertrand,Amoussou,Bertrand Amoussou,,"5' 8""",190 lbs.,--,Orthodox,1,1,0
Karl,Amoussou,Karl Amoussou,The Psycho,"5' 11""",185 lbs.,--,Orthodox,27,7,2
Eryk,Anders,Eryk Anders,Ya Boi,"6' 1""",185 lbs.,"75.0""",Southpaw,17,8,0
Matt,Andersen,Matt Andersen,,"6' 2""",230 lbs.,--,Southpaw,14,8,1
Andy,Anderson,Andy Anderson,The Hammer,"5' 6""",240 lbs.,--,,0,1,0
Lowell,Anderson,Lowell Anderson,,"5' 6""",160 lbs.,--,Orthodox,0,1,0
Corey,Anderson,Corey Anderson,Overtime,"6' 3""",205 lbs.,"79.0""",Orthodox,14,5,0
Derek,Anderson,Derek Anderson,Barbaric,"6' 0""",155 lbs.,--,,14,3,0
Megan,Anderson,Megan Anderson,,"6' 0""",145 lbs.,"72.0""",Orthodox,11,5,0
Liam,Anderson,Liam Anderson,,"6' 3""",185 lbs.,"75.0""",Orthodox,6,3,0
Tatsuya,Ando,Tatsuya Ando,Kirinji,"5' 4""",145 lbs.,"68.0""",Southpaw,14,4,1
Alex,Andrade,Alex Andrade,El Toro,"5' 11""",200 lbs.,--,Orthodox,10,5,0
Jessica,Andrade,Jessica Andrade,Bate Estaca,"5' 1""",115 lbs.,"62.0""",Orthodox,26,14,0
Viscardi,Andrade,Viscardi Andrade,,"5' 11""",170 lbs.,"75.0""",Orthodox,19,6,0
Jermaine,Andre,Jermaine Andre,,"5' 7""",200 lbs.,--,Orthodox,14,4,0
Juan,Andres Luna,Juan Andres Luna,,"5' 7""",125 lbs.,"72.0""",Orthodox,12,1,0
Fellipe,Andrew,Fellipe Andrew,,--,--,--,,0,0,0
Dylan,Andrews,Dylan Andrews,The Villain,"6' 1""",185 lbs.,"74.0""",Switch,18,7,0
Reese,Andy,Reese Andy,Riptide,"6' 0""",205 lbs.,--,Orthodox,7,3,0
,Angga,Angga,The Hitman,"5' 7""",145 lbs.,"68.0""",Orthodox,13,3,0
Julius,Anglickas,Julius Anglickas,,"6' 3""",205 lbs.,--,Orthodox,5,1,0
Collin,Anglin,Collin Anglin,,"5' 9""",145 lbs.,"71.0""",Orthodox,8,3,0
Chad,Anheliger,Chad Anheliger,The Monster,"5' 6""",135 lbs.,"64.0""",Orthodox,13,8,0
Yoji,Anjo,Yoji Anjo,Mr. 200%,"5' 11""",205 lbs.,--,Orthodox,0,5,1
Magomed,Ankalaev,Magomed Ankalaev,,"6' 3""",205 lbs.,"75.0""",Orthodox,21,1,1
Gadzhimurad,Antigulov,Gadzhimurad Antigulov,,"5' 11""",205 lbs.,"70.0""",Orthodox,20,8,0
Adam,Antolin,Adam Antolin,Captain Chaos,"5' 5""",125 lbs.,"63.0""",Orthodox,12,3,0
Angelo,Antonio,Angelo Antonio,,--,205 lbs.,--,Orthodox,1,4,0
Vanilto,Antunes,Vanilto Antunes,,"6' 0""",170 lbs.,"72.0""",Orthodox,16,7,0
Azunna,Anyanwu,Azunna Anyanwu,Zulu,"6' 1""",251 lbs.,--,Orthodox,14,5,0
Shinsho,Anzai,Shinsho Anzai,Animal,"5' 7""",170 lbs.,"70.0""",Orthodox,10,3,0
Jin,Aoi,Jin Aoi,,"5' 6""",145 lbs.,"68.0""",Orthodox,14,6,1
Shinya,Aoki,Shinya Aoki,Tobikan Judan,"5' 11""",154 lbs.,--,Southpaw,39,7,0
,Aoriqileng,Aoriqileng,The Mongolian Murderer,"5' 7""",135 lbs.,"69.0""",Orthodox,25,12,0
Josh,Appelt,Josh Appelt,,"5' 10""",255 lbs.,--,Southpaw,15,7,0
Erik,Apple,Erik Apple,,"6' 0""",170 lbs.,--,Orthodox,10,3,0
Kenji,Arai,Kenji Arai,,"5' 10""",145 lbs.,--,Southpaw,15,15,5
Romie,Aram,Romie Aram,,"5' 10""",170 lbs.,--,Orthodox,7,1,0
Felipe,Arantes,Felipe Arantes,Sertanejo,"5' 8""",135 lbs.,"73.0""",Orthodox,18,10,1
Igor,Araujo,Igor Araujo,,"6' 1""",170 lbs.,"77.0""",Orthodox,25,9,0
Viviane,Araujo,Viviane Araujo,Vivi,"5' 4""",125 lbs.,"68.0""",Orthodox,13,7,0
Julio,Arce,Julio Arce,,"5' 7""",145 lbs.,"70.0""",Southpaw,19,6,0
Art,Arciniega,Art Arciniega,King Arthur,"5' 8""",145 lbs.,--,,15,7,0
Alice,Ardelean,Alice Ardelean,,"5' 3""",115 lbs.,"62.0""",Orthodox,10,7,0
Tristan,Arenal,Tristan Arenal,,--,155 lbs.,--,,7,4,0
Gabriel,Arges,Gabriel Arges,,--,170 lbs.,--,,0,0,0
Dan,Argueta,Dan Argueta,The Determined,"5' 7""",135 lbs.,"68.0""",Southpaw,9,3,0
Reza,Arianto,Reza Arianto,The Crazy Lion,--,155 lbs.,--,,5,0,0
Hashem,Arkhagha,Hashem Arkhagha,,"6' 2""",185 lbs.,"75.0""",Orthodox,6,1,0
Andrei,Arlovski,Andrei Arlovski,The Pitbull,"6' 3""",240 lbs.,"77.0""",Orthodox,34,24,0
Garrett,Armfield,Garrett Armfield,,"5' 6""",135 lbs.,"70.0""",Orthodox,10,5,0
Joey,Armstrong,Joey Armstrong,,--,--,--,,5,2,0
Austin,Arnett,Austin Arnett,,"6' 0""",145 lbs.,"72.0""",Orthodox,16,6,0
Ricardo,Arona,Ricardo Arona,The Brazilian Tiger,"5' 11""",205 lbs.,--,Orthodox,14,5,0
Eli,Aronov,Eli Aronov,The Israeli Tank,"5' 10""",185 lbs.,"72.0""",Orthodox,6,1,0
Chalid,Arrab,Chalid Arrab,Die Faust,"5' 11""",205 lbs.,--,Orthodox,7,3,0
Akbarh,Arreola,Akbarh Arreola,El Caballero,"5' 10""",155 lbs.,"71.0""",Southpaw,23,11,1
Matt,Arroyo,Matt Arroyo,No Regard,"5' 10""",170 lbs.,"72.0""",Orthodox,3,3,0
Antonio,Arroyo,Antonio Arroyo,,"6' 3""",185 lbs.,"73.0""",Orthodox,9,5,0
Gilles,Arsene,Gilles Arsene,,"5' 9""",190 lbs.,--,Southpaw,1,1,0
Veta,Arteaga,Veta Arteaga,,"5' 7""",125 lbs.,--,,3,1,0
Cesar,Arzamendia,Cesar Arzamendia,Goku,"5' 11""",155 lbs.,--,Orthodox,8,3,0
Kai,Asakura,Kai Asakura,,"5' 8""",125 lbs.,"69.0""",Orthodox,21,5,0
Teddy,Ash,Teddy Ash,Bear,"6' 1""",185 lbs.,"73.0""",Switch,14,5,0
Arman,Ashimov,Arman Ashimov,Mustafa Ozturik,"5' 6""",125 lbs.,--,,11,3,1
Yanal,Ashmouz,Yanal Ashmouz,Red Fox,"5' 9""",155 lbs.,"69.0""",Orthodox,8,2,0
,Asjabharan,Asjabharan,,"5' 6""",135 lbs.,--,,7,6,0
Askar,Askar,Askar Askar,AK-47,"5' 7""",145 lbs.,"69.0""",Orthodox,11,1,0
Askar,Askarov,Askar Askarov,Bullet,"5' 6""",125 lbs.,"67.0""",Orthodox,14,1,1
Cyril,Asker,Cyril Asker,Silverback,"6' 0""",247 lbs.,"74.0""",Orthodox,9,4,0
Khusein,Askhabov,Khusein Askhabov,Nohcho,"5' 8""",145 lbs.,"69.0""",Orthodox,23,1,0
Scott,Askham,Scott Askham,,"6' 3""",185 lbs.,"75.0""",Southpaw,14,4,0
Ben,Askren,Ben Askren,Funky,"5' 11""",170 lbs.,"73.0""",Orthodox,19,2,0
Ibo,Aslan,Ibo Aslan,The Last Ottoman,"6' 3""",205 lbs.,"77.0""",Orthodox,14,3,0
Tom,Aspinall,Tom Aspinall,,"6' 5""",256 lbs.,"78.0""",Orthodox,15,3,0
Bruno,Assis,Bruno Assis,Brunao,"6' 2""",185 lbs.,--,Orthodox,8,4,0
Junior,Assuncao,Junior Assuncao,,"5' 9""",145 lbs.,"72.0""",Orthodox,16,6,0
Raphael,Assuncao,Raphael Assuncao,,"5' 5""",135 lbs.,"66.0""",Orthodox,28,10,0
Michael,Aswell,Michael Aswell,The Texas Kid,"5' 8""",155 lbs.,"69.0""",Orthodox,10,3,0
Bazigit,Atajev,Bazigit Atajev,Volk,"6' 1""",230 lbs.,--,Orthodox,17,1,0
Rich,Attonito,Rich Attonito,The Raging Bull,"5' 10""",170 lbs.,"72.0""",Orthodox,10,5,0
Olivier,Aubin-Mercier,Olivier Aubin-Mercier,The Canadian Gangster,"5' 9""",155 lbs.,"70.0""",Southpaw,11,5,0
Pat,Audinwood,Pat Audinwood,Awesomely Awesome,"6' 0""",155 lbs.,--,Orthodox,11,2,1
Jose,Augusto,Jose Augusto,Gugu,"6' 3""",251 lbs.,--,,6,2,0
Marcus,Aurelio,Marcus Aurelio,Maximus,"5' 10""",155 lbs.,"74.0""",Orthodox,22,10,0
David,Avellan,David Avellan,,"5' 9""",185 lbs.,--,Orthodox,2,1,0
Blas,Avena,Blas Avena,The Disciple,"6' 0""",170 lbs.,"74.0""",Orthodox,8,7,0
Levi,Avera,Levi Avera,,"6' 1""",170 lbs.,--,,18,15,0
Anthony,Avila,Anthony Avila,,"5' 7""",145 lbs.,--,,13,5,0
Chris,Avila,Chris Avila,,"5' 10""",145 lbs.,--,Orthodox,5,4,0
Julia,Avila,Julia Avila,Raging Panda,"5' 7""",135 lbs.,"68.0""",Orthodox,9,4,0
Saad,Awad,Saad Awad,Assassin,"5' 11""",155 lbs.,--,,20,9,0
Javy,Ayala,Javy Ayala,Eye Candy,"6' 1""",265 lbs.,--,,10,5,0
Jessin,Ayari,Jessin Ayari,,"6' 0""",155 lbs.,"73.0""",Orthodox,16,6,0
Abu,Azaitar,Abu Azaitar,Captain Morocco,"5' 9""",185 lbs.,"76.0""",Orthodox,14,4,1
Ottman,Azaitar,Ottman Azaitar,Bulldozer,"5' 8""",155 lbs.,"71.0""",Switch,13,3,0
Luiz,Azeredo,Luiz Azeredo,,"5' 9""",154 lbs.,--,Orthodox,15,10,0
Luciano,Azevedo,Luciano Azevedo,,"6' 3""",161 lbs.,--,Orthodox,17,9,1
Hunter,Azure,Hunter Azure,,"5' 8""",145 lbs.,"69.0""",Orthodox,9,2,0
